kiwi,kiwi
leek,leek
garlic,garlic
pineapple,pineapple
dill,dill
peanut,peanut
horseradish,horseradish
tarragon,tarragon
asparagus,asparagus
oat,oat
cauliflower,cauliflower
broccoli,broccoli
turnip,turnip
tea,tea
pepper,pepper
papaya,papaya
safflower,safflower
caraway,caraway
chestnut,chestnut
chickpea,chickpea
watermelon,watermelon
lime,lime
lemon,lemon
coffee,coffee
coriander,coriander
saffron,saffron
cucumber,cucumber
cumin,cumin
turmeric,turmeric
cardamom,cardamom
loquat,loquat
fig,fig
fennel,fennel
strawberry,strawberry
sunflower,sunflower
barley,barley
lettuce,lettuce
flaxseed,flaxseed
apple,apple
mango,mango
nutmeg,nutmeg
olive,olive
rice,rice
millet,millet
poppy,poppy
parsnip,parsnip
avocado,avocado
parsley,parsley
date,date
anise,anise
pistachio,pistachio
apricot,apricot
almond,almond
peach,peach
pomegranate,pomegranate
pear,pear
radish,radish
watercress,watercress
rosemary,rosemary
sorrel,sorrel
rye,rye
sesame,sesame
eggplant,eggplant
potato,potato
sorghum,sorghum
spinach,spinach
tamarind,tamarind
fenugreek,fenugreek
vanilla,vanilla
corn,corn
ginger,ginger
banana,banana
nectarine,nectarine
shallot,shallot
carrot,carrot
grapefruit,grapefruit
beer,beer
pasta,pasta
biscuit,biscuit
sourdough,sourdough
acorn,acorn
alfalfa,alfalfa
allspice,allspice
amaranth,amaranth
arrowroot,arrowroot
bison,bison
buffalo,buffalo
butternut,butternut
cassava,cassava
chayote,chayote
chia,chia
chicken,chicken
coconut,coconut
elk,elk
fireweed,fireweed
grape,grape
haddock,haddock
hazelnut,hazelnut
kale,kale
okra,okra
pheasant,pheasant
quinoa,quinoa
scallop,scallop
spelt,spelt
swordfish,swordfish
teff,teff
turkey,turkey
wasabi,wasabi
jicama,jicama
deer,deer
rabbit,rabbit
shrimp,shrimp
shiitake,shiitake
epazote,epazote
maitake,maitake
wheat,wheat
agave,agave
anchovy,anchovy
cinnamon,cinnamon
crab,crab
persimmon,persimmon
catfish,catfish
walnut,walnut
cheese,cheese
yogurt,yogurt
bean,bean
vodka,vodka
whisky,whisky
gin,gin
honey,honey
vinegar,vinegar
rum,rum
vermouth,vermouth
sherry,sherry
nougat,nougat
toffee,toffee
cake,cake
pizza,pizza
pastry,pastry
sauce,sauce
salt,salt
butter,butter
cream,cream
sugar,sugar
sausage,sausage
mustard,mustard
pate,pate
whey,whey
casein,casein
marshmallow,marshmallow
gelatin,gelatin
water,water
dumpling,dumpling
soup,soup
syrup,syrup
lard,lard
chocolate,chocolate
buttermilk,buttermilk
miso,miso
tofu,tofu
roe,roe
hamburger,hamburger
chili,chili
taco,taco
tortilla,tortilla
salad,salad
topping,topping
popcorn,popcorn
stew,stew
lasagna,lasagna
pancake,pancake
pectin,pectin
pudding,pudding
meatloaf,meatloaf
sake,sake
cocktail,cocktail
couscous,couscous
bulgur,bulgur
spread,spread
enchilada,enchilada
ketchup,ketchup
adobo,adobo
canola,canola
pie,pie
shortening,shortening
molasses,molasses
cracker,cracker
flour,flour
dough,dough
cornbread,cornbread
dripping,dripping
empanada,empanada
stuffing,stuffing
fudge,fudge
margarine,margarine
hummus,hummus
cabbage,cabbage
citrus,citrus
blackberry,blackberry
mate,mate
clam,clam
plantain,plantain
clementine,clementine
